hotel,sum,mean,std,min,25%,50%,75%,max,percentage
City Hotel,8353803.24,105.30446539770578,43.602953837094724,0.0,79.2,99.9,126.0,5400.0,66.45%
Resort Hotel,3803814.36,94.9529296055916,61.44241797380696,-6.38,50.0,75.0,125.0,508.0,33.55%
