hotel,count,mean,std,min,25%,50%,75%,max,percentage,sum
City Hotel,49863.0,112.36309949260976,48.586752136018504,0.0,85.0,107.0,135.0,5400.0,61.42%,5602761.23
Resort Hotel,31318.0,102.02465131873043,64.54908489171902,-6.38,54.0,82.35,139.0,508.0,38.58%,3195208.03
