hotel,sum,mean,std,min,25%,50%,75%,max,percentage
City Hotel,8353803.24,105.3044653977023,43.60295383709632,0.0,79.2,99.9,126.0,5400.0,66.45%
Resort Hotel,3803814.36,94.95292960559225,61.442417973804446,-6.38,50.0,75.0,125.0,508.0,33.55%
